"id_song"	"title"	"id_artist"	"artist"
472813	u not like me	82205	50 cent
472769	if i can't	82205	50 cent
664811	disco inferno	82205	50 cent
472776	21 questions	82205	50 cent
445175	work it (remix)	82205	50 cent
664704	piggy bank	82205	50 cent
664846	i don't need em	82205	50 cent
664837	position of power	82205	50 cent
107808	ronnie-o	25560	aaron neville
107802	the bells	25560	aaron neville
107797	don't fall apart on me tonight	25560	aaron neville
234139	yes i love you	25560	aaron neville
234140	the first time ever i saw your face	25560	aaron neville
234135	god made you for me	25560	aaron neville
234131	sweet amelia	25560	aaron neville
667357	don't go please stay	25560	aaron neville
115409	arrival	23332	abba
1022631	lovelight	23332	abba
85939	dancing queen	23332	abba
1022636	under attack	23332	abba
115412	dance (while the music still goes on)	23332	abba
67278	knowing me knowing you	23332	abba
1022626	so long	23332	abba
85947	s.o.s.	23332	abba
268162	snowballed	12194	ac/dc
541812	night prowler	12194	ac/dc
268160	let's get it up	12194	ac/dc
96102	shake a leg	12194	ac/dc
268158	for those about to rock (we salute you)	12194	ac/dc
1005382	rock n roll dream	12194	ac/dc
541804	highway to hell	12194	ac/dc
541805	girls got rhythm	12194	ac/dc
447385	girls of summer	14865	aerosmith
19110	dream on	14865	aerosmith
10325	shame on you	14865	aerosmith
163235	rag doll	14865	aerosmith
147826	seasons of wither	14865	aerosmith
107633	eat the rich	14865	aerosmith
163242	permanent vacation	14865	aerosmith
10330	the hop	14865	aerosmith
58262	steppin' hard zulu nation	9843	afrika bambaataa
58263	freedom	9843	afrika bambaataa
58257	taste the funk	9843	afrika bambaataa
58260	can't give you up	9843	afrika bambaataa
58256	just get up and dance	9843	afrika bambaataa
58259	save the world	9843	afrika bambaataa
58265	in a minute	9843	afrika bambaataa
58267	say it loud	9843	afrika bambaataa
991133	standing in the rain	20547	al green
991131	all i need	20547	al green
991085	lay it down	20547	al green
991128	too much	20547	al green
991125	no one like you	20547	al green
287196	how can you mend a broken heart	20547	al green
991087	you've got the love i need	20547	al green
991132	i'm wild about you	20547	al green
16459	be my lover	20463	alice cooper
43758	dangerous tonight	20463	alice cooper
16458	billion dollar babies	20463	alice cooper
72215	teenage frankenstein	20463	alice cooper
58532	chop chop chop	20463	alice cooper
72219	simple disobedience	20463	alice cooper
16462	only women bleed	20463	alice cooper
16466	no more mr nice guy	20463	alice cooper
244328	trapped	60140	all saints
146413	all night train	20875	allman brothers band
57056	crazy love	20875	allman brothers band
47144	bad rain	20875	allman brothers band
146416	soul shine	20875	allman brothers band
463013	heart of stone	20875	allman brothers band
463004	old before my time	20875	allman brothers band
146421	what's done is done	20875	allman brothers band
57058	wasted words	20875	allman brothers band
731825	intro/stronger than me	88718	amy winehouse
817507	just friend	88718	amy winehouse
817506	me & mr jones	88718	amy winehouse
731864	i heard love is blind/teo licks	88718	amy winehouse
731886	what it is about men	88718	amy winehouse
703996	help yourself	88718	amy winehouse
817526	tears dry on their own	88718	amy winehouse
731865	in my bed	88718	amy winehouse
359073	rose-marie	69077	andy kaufman
20570	road runner	12173	animals
10270	loose change	12173	animals
20564	i'm mad again	12173	animals
10269	crystal nights	12173	animals
10274	hard times	12173	animals
44882	when i was young	12173	animals
20562	i'm crying	12173	animals
20568	story of bo diddley	12173	animals
987846	tighten up	60432	archie bell
358658	spanish harlem	10204	aretha franklin
56181	someone else's eyes	10204	aretha franklin
176407	i'm in love	10204	aretha franklin
122428	do right woman do right man	10204	aretha franklin
802929	never gonna break my faith	10204	aretha franklin
207827	make someone happy	10204	aretha franklin
122430	a change is gonna come	10204	aretha franklin
56182	doctor's orders	10204	aretha franklin
4867	caldonia	20605	b.b. king
112835	little by little	20605	b.b. king
118126	roll roll roll	20605	b.b. king
236377	keep it coming	20605	b.b. king
112838	we're gonna make it	20605	b.b. king
26185	my guitar sings the blues	20605	b.b. king
26179	six silver strings	20605	b.b. king
26186	double trouble	20605	b.b. king
128436	amazon (river of dreams)	20900	band
189132	back to memphis	20900	band
122891	daniel and the sacred harp	20900	band
189136	crazy mama	20900	band
128432	atlantic city	20900	band
128437	stuff you gotta watch	20900	band
122897	the great pretender	20900	band
128440	blues stay away from me	20900	band
661215	astro man	42955	band of gypsies
661214	earth blues	42955	band of gypsies
661213	message to love	42955	band of gypsies
232606	wouldn't it be nice	9877	beach boys
232602	help me rhonda	9877	beach boys
232599	i get around	9877	beach boys
645508	everyone's in love with you	9877	beach boys
54872	balboa blue	9877	beach boys
645515	blueberry hill	9877	beach boys
11798	love is a woman	9877	beach boys
232597	409	9877	beach boys
356742	bodhisattva vow	15222	beastie boys
356745	jimmy james	15222	beastie boys
387605	get it together	15222	beastie boys
356738	sure shot	15222	beastie boys
388148	son of neckbone	15222	beastie boys
385645	sabotage	15222	beastie boys
391363	intergalactic	15222	beastie boys
356741	something's got to give	15222	beastie boys
1626	the fool on the hill	11636	beatles
1631	hello goodbye	11636	beatles
374611	hey bulldog	11636	beatles
374586	come together	11636	beatles
4758	taxman	11636	beatles
2251	getting better	11636	beatles
2317	she came in through the bathroom window	11636	beatles
2020	dig a pony	11636	beatles
645731	i have decided to join the airforce	10893	bee gees
645786	country woman	10893	bee gees
645844	too much heaven	10893	bee gees
645811	you should be dancing (long remix version)	10893	bee gees
11541	morning of my life	10893	bee gees
116086	how to fall in love (pt. 1)	10893	bee gees
645749	jumbo	10893	bee gees
645744	sir geoffrey saved the world	10893	bee gees
67770	heaven is a place on earth	26214	belinda carlise
473090	signs	69306	beyonce
498205	fighting temptation	69306	beyonce
473087	me myself and i	69306	beyonce
498310	everything i do	69306	beyonce
498316	summertime	69306	beyonce
807418	hollywood	69306	beyonce
473098	the closer i get to you	69306	beyonce
473101	work it out	69306	beyonce
42799	something that turns you on	21223	bill withers
42803	we could be sweet lovers	21223	bill withers
42805	steppin' right along	21223	bill withers
42806	whatever happens	21223	bill withers
42798	oh yeah!	21223	bill withers
42804	you just can't smile it away	21223	bill withers
42807	you try to find a love	21223	bill withers
42801	heart in your life	21223	bill withers
24307	my life	20593	billy joel
24300	say goodbye to hollywood	20593	billy joel
24310	you may be right	20593	billy joel
231717	we didn't start the fire	20593	billy joel
24301	new york state of mind	20593	billy joel
231713	a matter of trust	20593	billy joel
24316	uptown girl	20593	billy joel
231712	an innocent man	20593	billy joel
2207	the law maker	10150	black sabbath
2206	anno mundi (the vision)	10150	black sabbath
2213	feels good to me	10150	black sabbath
11714	evil woman	10150	black sabbath
2212	valhalla	10150	black sabbath
2209	the sabbath stones	10150	black sabbath
2208	jerusalem	10150	black sabbath
11713	n.i.b.	10150	black sabbath
270445	night wind sent	13839	blondie
288883	hanging on the telephone	13839	blondie
270450	divine	13839	blondie
289288	dreaming	13839	blondie
270441	no exit	13839	blondie
270440	maria	13839	blondie
270443	nothing is real but the girl	13839	blondie
289291	presence dear (i'm always touched by your)	13839	blondie
60053	who do you love	42785	bo diddley
15983	bo diddley	42785	bo diddley
18864	i believe in you	20307	bob dylan
358663	not dark yet	20307	bob dylan
16722	masters of war	20307	bob dylan
16698	it takes a lot to laugh it takes a train to cry	20307	bob dylan
253860	i shall be released	20307	bob dylan
16701	chimes of freedom	20307	bob dylan
18869	man gave names to all the animals	20307	bob dylan
89523	little maggie	20307	bob dylan
30974	misty morning	20639	bob marley
30972	satisfy my soul	20639	bob marley
30898	burnin' and lootin'	20639	bob marley
30956	slave driver	20639	bob marley
30958	stop the train	20639	bob marley
30969	kaya	20639	bob marley
398782	turn your lights down low	20639	bob marley
30903	one foundation	20639	bob marley
1017288	splish splash	21287	bobby darin
1017307	bill bailey won't you please come home?	21287	bobby darin
1017296	queen of the hop	21287	bobby darin
1017298	plain jane	21287	bobby darin
1017303	mack the knife	21287	bobby darin
1017309	artificial flowers	21287	bobby darin
16254	dream lover	21287	bobby darin
1017305	clementine	21287	bobby darin
421725	gnawin' on it	18637	bonnie raitt
248119	lover's will	18637	bonnie raitt
421718	i can't help you now	18637	bonnie raitt
248122	i'm on your side	18637	bonnie raitt
421715	fool's game	18637	bonnie raitt
56251	one part be my lover	18637	bonnie raitt
248115	the fundamental things	18637	bonnie raitt
248124	i need love	18637	bonnie raitt
380632	green onions	21257	booker t.& the mg's
222718	more than a feeling	14951	boston
1071696	more than a feeling (single version)	14951	boston
619872	born to run	20775	bruce springsteen
670472	long time comin'	20775	bruce springsteen
435307	empty sky	20775	bruce springsteen
901586	livin' in the future	20775	bruce springsteen
1014169	surprise surprise	20775	bruce springsteen
901591	magic	20775	bruce springsteen
435304	waitin' on a sunny day	20775	bruce springsteen
386441	secret garden	20775	bruce springsteen
516266	everyday	28238	buddy holly
1065971	real wild child	28238	buddy holly
1065908	ting a ling	28238	buddy holly
1065907	modern don juan	28238	buddy holly
1065951	i'm changing all those changes	28238	buddy holly
1065975	that's what they say	28238	buddy holly
1065904	you are my one desire	28238	buddy holly
1067403	it's too late	28238	buddy holly
155021	for what it's worth	21261	buffalo springfield
358632	a child's claim to fame	21261	buffalo springfield
69290	bluebird	21261	buffalo springfield
457414	feel a whole lot better	31161	byrds
457413	mr tambourine man	31161	byrds
75789	there must be someone	31161	byrds
457417	chimes of freedom	31161	byrds
75784	oil in my lamp	31161	byrds
457416	all i really want to do	31161	byrds
75783	fido	31161	byrds
75787	jesus is just alright	31161	byrds
216810	bird dog	20698	carl perkins
216808	all shook up	20698	carl perkins
216797	matchbox	20698	carl perkins
216805	whole lotta shakin' goin' on	20698	carl perkins
203464	roll over beethoven	20698	carl perkins
216804	hound dog	20698	carl perkins
201260	that's right	20698	carl perkins
216802	be bop a lula	20698	carl perkins
13967	man smart woman smarter	9952	carpenters
12804	you're enough	9952	carpenters
13965	sweet sweet smile	9952	carpenters
13961	all you get from love is a love song	9952	carpenters
12802	now	9952	carpenters
12803	sailing on the tide	9952	carpenters
12810	your baby doesn't love you anymore	9952	carpenters
13962	i just fall in love again	9952	carpenters
133480	you're all i wanna do	12502	cheap trick
13361	heaven's falling	12502	cheap trick
177314	i want you to want me	12502	cheap trick
133484	girlfriends	12502	cheap trick
13359	y.o.y.o.y.	12502	cheap trick
133481	never run out of love	12502	cheap trick
133487	cry baby	12502	cheap trick
71780	i want you	12502	cheap trick
169656	savoir faire	17461	chic
380743	chic mystique (reprise)	17461	chic
75760	something you can feel	17461	chic
75608	chic mystique	17461	chic
75762	doin' that thing to me	17461	chic
75759	jusagroove	17461	chic
16408	chic cheer	17461	chic
75765	my love's for real	17461	chic
64823	let's twist again	21271	chubby checker
216890	twist it up	21271	chubby checker
216889	let's limbo some more	21271	chubby checker
216881	the fly	21271	chubby checker
216891	popeye the hitchiker	21271	chubby checker
216884	let's do the freddie	21271	chubby checker
310975	ann rosie	21271	chubby checker
115630	the hucklebuck	21271	chubby checker
191479	thirty days (to come back home)	20354	chuck berry
1021276	sweet little sixteen	20354	chuck berry
12210	no particular place to go	20354	chuck berry
12215	school day (ring ring goes the bell)	20354	chuck berry
375268	roll over beethoven	20354	chuck berry
645947	back in the usa	20354	chuck berry
191468	memphis tennessee	20354	chuck berry
1034685	route 66	20354	chuck berry
27936	true colors	24078	cindy lauper
5306	time after time	24078	cindy lauper
108902	the crooked beat	10895	clash
13930	london calling	10895	clash
879025	brand new cadillac	10895	clash
876765	safe european home	10895	clash
879065	revolution rock	10895	clash
68318	guns on the roof	10895	clash
879026	hateful	10895	clash
68321	cheapskates	10895	clash
680479	the hardest part	70601	coldplay
680480	swallowed in the sea	70601	coldplay
680474	white shadows	70601	coldplay
982645	violet hill	70601	coldplay
435986	politik	70601	coldplay
993088	lost!	70601	coldplay
993092	yes	70601	coldplay
364282	high speed	70601	coldplay
160561	n.s.u.	21282	cream
160554	swlabr	21282	cream
160553	we're going wrong	21282	cream
381083	white room	21282	cream
160559	wrapping paper	21282	cream
160557	spoonful	21282	cream
160560	i feel free	21282	cream
160558	strange brew	21282	cream
87129	door to door	19090	creedence clearwater revival
87098	cross-tie walker	19090	creedence clearwater revival
87118	born to move	19090	creedence clearwater revival
76250	down on the corner	19090	creedence clearwater revival
87116	it's just a thought	19090	creedence clearwater revival
76260	hey tonight	19090	creedence clearwater revival
76243	suzie q	19090	creedence clearwater revival
87123	need someone to hold	19090	creedence clearwater revival
15867	feel your love	20473	crosby stills nash & young
15861	shadowland	20473	crosby stills nash & young
12816	ohio	20473	crosby stills nash & young
290380	heartland	20473	crosby stills nash & young
15859	this old house	20473	crosby stills nash & young
15868	night song	20473	crosby stills nash & young
12812	deja vu	20473	crosby stills nash & young
290387	queen of them all	20473	crosby stills nash & young
193527	treasure	12484	cure
73376	wendy time	12484	cure
1006046	this here and now with you	12484	cure
12676	the top	12484	cure
193518	the 13th	12484	cure
193525	return	12484	cure
12670	give me it	12484	cure
193517	this is a lie	12484	cure
215586	daftendirekt	55934	daft punk
372672	veridis quo	55934	daft punk
659972	make love	55934	daft punk
509267	crescendolls (laidback luke remix)	55934	daft punk
509246	harder better faster stronger (the neptunes remix)	55934	daft punk
372674	face to face	55934	daft punk
215591	fresh	55934	daft punk
509266	face to face (demon remix)	55934	daft punk
74253	within you	10157	david bowie
113326	without you	10157	david bowie
58104	port of amsterdam	10157	david bowie
58080	black country rock	10157	david bowie
149932	day in day out	10157	david bowie
638305	d.j.	10157	david bowie
446655	god knows i'm good	10157	david bowie
58100	shapes of things	10157	david bowie
358399	in love with love (saw remix)	20560	deborah harry
358388	french kissin' in the usa	20560	deborah harry
358387	i want that man	20560	deborah harry
358392	i can see clearly	20560	deborah harry
358389	brite side	20560	deborah harry
18182	lady double dealer	10282	deep purple
711923	girls like that	10282	deep purple
18180	holy man	10282	deep purple
608206	painted horse (studio out-take)	10282	deep purple
616486	speed king	10282	deep purple
90733	lay down stay down	10282	deep purple
711934	before time began	10282	deep purple
90741	you keep on movin'	10282	deep purple
69190	i go to pieces	21452	del shannon
69189	callin' out my name	21452	del shannon
69195	let's dance	21452	del shannon
69192	i got you	21452	del shannon
69194	when i had you	21452	del shannon
64656	keep searchin'	21452	del shannon
69191	lost in a memory	21452	del shannon
69186	walk away	21452	del shannon
398942	when the body speaks	9840	depeche mode
300919	nothing to fear	9840	depeche mode
413725	pleasure little treasure (glitter mix)	9840	depeche mode
293015	never let me down again (aggro mix)	9840	depeche mode
1022603	fragile tension	9840	depeche mode
1022565	in chains	9840	depeche mode
74618	ice machine	9840	depeche mode
379573	just can't get enough	9840	depeche mode
390317	layla	39665	derek and the dominos
384023	do you know where you're going to	11981	diana ross
122076	stop in the name of love	11981	diana ross
122065	touch me in the morning	11981	diana ross
122066	i'm still waiting	11981	diana ross
122075	where did our love go	11981	diana ross
122070	you keep me hangin' on	11981	diana ross
756176	my mistake (was to love you)	11981	diana ross
122072	reflections	11981	diana ross
109424	it makes no difference	25496	dionne warwick
8954	two ships passing in the night	25496	dionne warwick
109431	you are my love	25496	dionne warwick
9056	deja vu	25496	dionne warwick
9052	heartbreaker	25496	dionne warwick
9054	i'll never love this way again	25496	dionne warwick
963787	show me the way	25496	dionne warwick
963825	rise shine and give god the glory	25496	dionne warwick
59968	iko iko	31164	dixie cups
291118	chapel of love	31164	dixie cups
747547	where do the children play	31419	dolly parton
1071650	old flames can't hold a candle to you	31419	dolly parton
1071649	applejack	31419	dolly parton
242694	i will always love you	31419	dolly parton
690320	baby i'm burnin'	31419	dolly parton
747565	both sides now	31419	dolly parton
1071637	coat of many colors	31419	dolly parton
747549	crimson and clover	31419	dolly parton
3633	kansas city	31477	domino fats
82136	blueberry hill	31477	domino fats
3643	blue monday	31477	domino fats
3639	ain't that a shame	31477	domino fats
3635	heart break hill	31477	domino fats
3641	let the four winds blow	31477	domino fats
3645	so long	31477	domino fats
3631	blueberry hill	31477	domino fats
7683	this time i know it's for real	20251	donna summer
1015421	try me i know we can make it	20251	donna summer
236362	winter melody	20251	donna summer
518107	love to love you baby	20251	donna summer
1015423	i feel love	20251	donna summer
1015514	carry on	20251	donna summer
7677	on the radio	20251	donna summer
7676	love's unkind	20251	donna summer
68891	tell all the people	12175	doors
389508	five to one	12175	doors
7994	indian summer	12175	doors
212874	love street	12175	doors
18048	break on through	12175	doors
68892	touch me	12175	doors
7991	land ho!	12175	doors
3829	crawling king snake	12175	doors
64618	when my little girl is smiling	17605	drifters
68392	you're more than a number in m	17605	drifters
917027	last good time in town	12607	eagles
19192	one of these nights	12607	eagles
917028	i love to watch a woman dance	12607	eagles
19195	life in the fast lane	12607	eagles
917045	center of the universe	12607	eagles
916945	no more walks in the wood	12607	eagles
916947	what do i do with my heart	12607	eagles
19189	lyin' eyes	12607	eagles
116010	the "l" word	10380	earth wind & fire
71434	evolution orange	10380	earth wind & fire
20124	something special	10380	earth wind & fire
71433	my love	10380	earth wind & fire
19007	new horizons	10380	earth wind & fire
101613	reasons	10380	earth wind & fire
19004	evil roy	10380	earth wind & fire
702944	this is how i feel	10380	earth wind & fire
78677	goodbye yellow brick road	20595	elton john
78694	kiss the bride	20595	elton john
70909	return to paradise	20595	elton john
24643	candy by the pound	20595	elton john
24641	satellite	20595	elton john
70915	shooting star	20595	elton john
25539	fascist faces	20595	elton john
78682	philadelphia freedom	20595	elton john
762855	international echo	94768	elvis costello
31145	hurry down doomsday (the bugs are taking over)	94768	elvis costello
423567	my little blue window	94768	elvis costello
985988	harry worth	94768	elvis costello
1028386	i felt the chill before the winter come	94768	elvis costello
201151	it's time	94768	elvis costello
1028388	hidden shame	94768	elvis costello
762858	six-fingered man	94768	elvis costello
34579	too much	21133	elvis presley
655745	always on my mind	21133	elvis presley
492045	i want you i need you i love you	21133	elvis presley
34585	wear my ring around your neck	21133	elvis presley
34463	got a lot of livin' to do	21133	elvis presley
452064	lonesome cowboy	21133	elvis presley
155815	good luck charm	21133	elvis presley
440733	burning love	21133	elvis presley
1067739	no love	76243	eminem
1067680	talkin' 2 myself	76243	eminem
362964	remember me?	76243	eminem
1067737	seduction	76243	eminem
362901	stan	76243	eminem
276852	if i had	76243	eminem
276849	my name is	76243	eminem
612185	just lose it	76243	eminem
385818	third degree	20450	eric clapton
534785	little queen of spades	20450	eric clapton
245536	going down slow	20450	eric clapton
798378	last will and testament	20450	eric clapton
697924	one track mind	20450	eric clapton
534786	they re red hot	20450	eric clapton
12628	knock on wood	20450	eric clapton
697925	run home to me	20450	eric clapton
285366	carrie	11695	europe
289269	i want it all	10280	eurythmics
375706	i need a man	10280	eurythmics
44089	thorn in my side	10280	eurythmics
289267	peace is just a word	10280	eurythmics
19087	shame	10280	eurythmics
19085	do you want to break up?	10280	eurythmics
289263	i saved the world today	10280	eurythmics
19939	when the day goes down	10280	eurythmics
14654	cathy's clown	20509	everly brothers
18525	be bop a lula	20509	everly brothers
14650	'til i kissed you	20509	everly brothers
14659	so sad (to watch good love go bad)	20509	everly brothers
18519	lucille	20509	everly brothers
18521	maybe tomorrow	20509	everly brothers
18530	poor jenny	20509	everly brothers
729257	devoted to you	20509	everly brothers
124716	in the still of the night	21639	five satins
210660	time was	21641	flamingos
177963	hollywood (some other kind of town)	9847	fleetwood mac
21331	freedom	9847	fleetwood mac
3472	someone's gonna get their head	9847	fleetwood mac
113796	don't stop	9847	fleetwood mac
3465	love that burns	9847	fleetwood mac
3460	i loved another woman	9847	fleetwood mac
3466	lazy poker blues	9847	fleetwood mac
21322	love is dangerous	9847	fleetwood mac
87494	waiting for a girl like you	10208	foreigner
381685	urgent	10208	foreigner
87488	prisoner of love	10208	foreigner
87501	rev on the red line	10208	foreigner
68673	cold as ice	10208	foreigner
87500	i don't want to live without you	10208	foreigner
87498	say you will	10208	foreigner
87496	double vision	10208	foreigner
16656	bernardette	17459	four tops
64869	reach out i'll be there	17459	four tops
16661	yesterday's dreams	17459	four tops
16664	just seven numbers (can straighten out my life)	17459	four tops
16652	something about you	17459	four tops
16649	ask the lonely	17459	four tops
16660	if i were a carpenter	17459	four tops
16655	standing in the shadows of love	17459	four tops
210651	granada	25142	frank sinatra
680327	young at heart	25142	frank sinatra
616664	why do fools fall in love	124358	frankie lymon and the teenagers
706045	the fallen	88688	franz ferdinand
706049	walk away	88688	franz ferdinand
528508	this fire	88688	franz ferdinand
706054	what you meant	88688	franz ferdinand
706055	i'm your villain	88688	franz ferdinand
1014254	katherine kiss me	88688	franz ferdinand
1014251	can't stop feeling	88688	franz ferdinand
706053	well that was easy	88688	franz ferdinand
231572	i'm not in love	55722	fun lovin' criminals
58814	hurtin' for you baby	21489	gene vincent
58821	say mama	21489	gene vincent
58818	i'm a lonesome fugitive	21489	gene vincent
58809	ruby baby	21489	gene vincent
58810	aint that too much	21489	gene vincent
58813	lonely street	21489	gene vincent
58816	born to be a rolling stone	21489	gene vincent
58812	love is a bird	21489	gene vincent
4767	what is life	20559	george harrison
167468	i dig love	20559	george harrison
382547	my sweet lord	20559	george harrison
23086	that's what it takes	20559	george harrison
23090	when we was fab	20559	george harrison
23091	devil's radio	20559	george harrison
23088	just for today	20559	george harrison
167470	hear me lord	20559	george harrison
231566	wichita lineman	21265	glen campbell
78740	guess who	23900	gloria gaynor
4664	walk on by	23900	gloria gaynor
78742	love affair	23900	gloria gaynor
4663	all i need is your good loving	23900	gloria gaynor
4658	never can say goodbye	23900	gloria gaynor
4665	we can start all over again	23900	gloria gaynor
4662	do it yourself (if you want it)	23900	gloria gaynor
78739	i'll apologize	23900	gloria gaynor
760545	who cares?	107710	gnarls barkley
756945	crazy	107710	gnarls barkley
974427	run (i'm a natural disaster)	107710	gnarls barkley
974385	charity case	107710	gnarls barkley
974429	would be killer	107710	gnarls barkley
760530	gone daddy gone	107710	gnarls barkley
974466	surprise	107710	gnarls barkley
760549	storm coming	107710	gnarls barkley
366401	fashion victim	50527	green day
603824	american idiot	50527	green day
159354	having a blast	50527	green day
159357	welcome to paradise	50527	green day
489225	private hell	50527	green day
159356	longview	50527	green day
1022712	know your enemy	50527	green day
603905	she's a rebel	50527	green day
74666	dust n' bones	15159	guns n' roses
74669	perfect crime	15159	guns n' roses
211298	think about you	15159	guns n' roses
59106	don't cry	15159	guns n' roses
122586	black leather	15159	guns n' roses
211301	mr. brownstone	15159	guns n' roses
74676	garden of eden	15159	guns n' roses
63894	sweet child o'mine	15159	guns n' roses
754087	saving ben	82707	hollywood studio symphony
754089	thank you child	82707	hollywood studio symphony
754086	hoodoo woman	82707	hollywood studio symphony
754088	the conjure room	82707	hollywood studio symphony
754085	violet's story	82707	hollywood studio symphony
753338	ben escapes	82707	hollywood studio symphony
753336	the skeleton key (opening titles)	82707	hollywood studio symphony
241041	butt town	20710	iggy pop
189486	knucklehead	20710	iggy pop
193978	nightclubbing	20710	iggy pop
298405	cry for love	20710	iggy pop
401521	death is certain	20710	iggy pop
489324	inferiority complex	20710	iggy pop
401526	ugliness	20710	iggy pop
189484	pussy walk	20710	iggy pop
801198	superstar	14679	isley brothers
801200	lucky charm	14679	isley brothers
193826	can i have a kiss (for old times' sake)?	14679	isley brothers
4509	harvest for the world	14679	isley brothers
799974	footsteps in the dark (parts 1 & 2)	14679	isley brothers
64616	twist and shout	14679	isley brothers
799913	freedom	14679	isley brothers
799966	lay away	14679	isley brothers
98382	am i the man	21496	jackie wilson
98385	so much	21496	jackie wilson
98389	i know i'll always be in love	21496	jackie wilson
16259	to be loved	21496	jackie wilson
98376	reet petite	21496	jackie wilson
98380	talk that talk	21496	jackie wilson
68378	higher and higher (your love keeps lifting me)	21496	jackie wilson
98379	i'll be satisfied	21496	jackie wilson
12018	late for the sky	20414	jackson browne
12020	farther on	20414	jackson browne
440886	my stunning mystery companion	20414	jackson browne
12019	fountain of sorrow	20414	jackson browne
187046	culver moon	20414	jackson browne
187044	information wars	20414	jackson browne
187050	it is one	20414	jackson browne
440830	for taking the trouble	20414	jackson browne
1037220	hum along and dance (david morales giamsta mix)	16106	jackson five
1037218	dancin' machine (steve aoki remix)	16106	jackson five
1037216	abc (salaam remi remix)	16106	jackson five
1037213	never can say goodbye (the neptunes remix)	16106	jackson five
1037215	dancin' machine (polow remix)	16106	jackson five
1037224	maybe tomorrow (sturken & rogers remix)	16106	jackson five
77431	the modern world	15015	jam
77441	funeral pyre	15015	jam
380886	in the city	15015	jam
77444	precious	15015	jam
77447	beat surrender	15015	jam
371350	town called malice	15015	jam
77434	down in the tube station at mi	15015	jam
77442	absolute beginners	15015	jam
203403	papa's got a brand new bag (pt.1)	20413	james brown
203424	tell me what i did wrong	20413	james brown
366619	chonnie-on-chon	20413	james brown
101191	king heroin	20413	james brown
203398	prisoner of love	20413	james brown
101186	hot pants (pt.1)	20413	james brown
101163	money won't change you	20413	james brown
203422	why do you do me	20413	james brown
17051	long ago and far away	111168	james taylor
363600	oh susannah!	111168	james taylor
17046	something in the way she moves	111168	james taylor
17053	don't let me be lonely tonight	111168	james taylor
105943	never die young	111168	james taylor
17061	shower the people	111168	james taylor
220917	little more time with you	111168	james taylor
14625	up on the roof	111168	james taylor
78592	mary jane	21363	janis joplin
78587	try (just a little bit harder)	21363	janis joplin
78585	piece of my heart	21363	janis joplin
78583	kozmic blues	21363	janis joplin
78589	down on me	21363	janis joplin
78582	cry baby	21363	janis joplin
78588	get it while you can	21363	janis joplin
78584	move over	21363	janis joplin
751405	i put a spell on you	21666	jay "screamin" hawkins
182678	hong kong	21666	jay "screamin" hawkins
807387	kingdom come	55384	jay z
807385	the prelude	55384	jay z
269182	hard knock life (ghetto anthem)	55384	jay z
1068523	u don't know	55384	jay z
1044352	already home	55384	jay z
357258	watch me	55384	jay z
1000226	american gangster	55384	jay z
1068547	song cry	55384	jay z
155907	mojo pin	50074	jeff buckley
251438	demon john	50074	jeff buckley
251441	gunshot glitter	50074	jeff buckley
155913	lover you should've come over	50074	jeff buckley
251450	haven't you heard	50074	jeff buckley
155914	corpus christi carol (for roy)	50074	jeff buckley
251439	vancouver	50074	jeff buckley
251446	witches' rave	50074	jeff buckley
5165	greasy heart	18501	jefferson airplane
5172	have you seen the saucers	18501	jefferson airplane
5157	wild tyme	18501	jefferson airplane
5173	eat starch mom	18501	jefferson airplane
5169	wooden ships	18501	jefferson airplane
5176	today	18501	jefferson airplane
5179	good shepherd	18501	jefferson airplane
5168	mexico	18501	jefferson airplane
1078425	simply beautiful	20933	jerry butler
1078424	no love without changes	20933	jerry butler
5698	good golly miss molly	20619	jerry lee lewis
203540	break up	20619	jerry lee lewis
5697	be bop a lula	20619	jerry lee lewis
203531	drinkin' wine spo-dee-o-dee	20619	jerry lee lewis
374945	crazy arms	20619	jerry lee lewis
5693	release me	20619	jerry lee lewis
203534	one minute past eternity	20619	jerry lee lewis
5701	lewis boogie	20619	jerry lee lewis
407668	bold as love	31163	jimi hendrix experience
286306	manic depression	31163	jimi hendrix experience
376917	voodoo child (slight return)	31163	jimi hendrix experience
661211	izabella	31163	jimi hendrix experience
661108	taking care of no business	31163	jimi hendrix experience
14667	all along the watchtower	31163	jimi hendrix experience
661464	ezy ryder	31163	jimi hendrix experience
286318	purple haze	31163	jimi hendrix experience
12542	power and the glory	20946	jimmy cliff
12540	roots woman	20946	jimmy cliff
388604	reggae nights	20946	jimmy cliff
12539	american dream	20946	jimmy cliff
256154	all for love	20946	jimmy cliff
256155	super bad	20946	jimmy cliff
256150	rubber ball	20946	jimmy cliff
256160	learn to love	20946	jimmy cliff
155014	blowin' in the wind	20348	joan baez
210655	cucurrucucu paloma	20348	joan baez
293984	i love rock n' roll	20592	joan jett
236376	dangerous mood	20456	joe cocker
380203	with a little help from my friends	20456	joe cocker
15996	shake rattle and roll	21757	joe turner
110156	the healer	20573	john lee hooker
1049945	serves me right to suffer/syndicator	20573	john lee hooker
215325	frisco blues	20573	john lee hooker
4811	cuttin' out	20573	john lee hooker
163687	we'll meet again	20573	john lee hooker
163681	tupelo	20573	john lee hooker
56577	crawling king snake	20573	john lee hooker
112832	you shook me	20573	john lee hooker
374928	woman is the nigger of the world	9864	john lennon
374904	whatever gets you thru the night	9864	john lennon
374873	i found out	9864	john lennon
5576	i saw her standing there	9864	john lennon
651204	how	9864	john lennon
5575	lucy in the sky with diamonds	9864	john lennon
5569	do you wanna dance	9864	john lennon
374930	john sinclair	9864	john lennon
743078	don't take your guns to town	56459	johnny cash
743175	if i were a carpenter	56459	johnny cash
1061326	give my love to rose	56459	johnny cash
1051310	i corinthians 15 55	56459	johnny cash
171144	ring of fire	56459	johnny cash
743189	the night hank williams came to town	56459	johnny cash
743088	stand by your man	56459	johnny cash
743090	were you there (when they crucified my lord)	56459	johnny cash
30480	tax free	20661	joni mitchell
6303	coyote	20661	joni mitchell
154455	turbulent indigo	20661	joni mitchell
167675	the dry cleaner from des moines	20661	joni mitchell
30485	impossible dreamer	20661	joni mitchell
446774	just like this train - (orchestral version)	20661	joni mitchell
446772	god must be a boogie man - (orchestral version)	20661	joni mitchell
446689	love (i corinthias 13) - orchestral version	20661	joni mitchell
25546	exercise one	21048	joy division
25549	glass	21048	joy division
387636	love will tear us apart	21048	joy division
756785	love will tear us apart (permanent mix)	21048	joy division
383819	these days	21048	joy division
387638	atmosphere	21048	joy division
25551	walked in line	21048	joy division
851168	dead souls	21048	joy division
451015	like i love you	69148	justin timberlake
784726	summer love/set the mood (prelude)	69148	justin timberlake
451086	right for me	69148	justin timberlake
784633	my love	69148	justin timberlake
451087	and she said take me now	69148	justin timberlake
784732	another song all over again	69148	justin timberlake
784626	sexy ladies/let me talk to you (prelude)	69148	justin timberlake
784634	lovestoned/i think she knows (interlude)	69148	justin timberlake
545212	family business	85458	kanye west
701558	bring me down	85458	kanye west
545208	school spirit	85458	kanye west
545226	never let me down	85458	kanye west
701588	gone	85458	kanye west
1044353	hate	85458	kanye west
545224	spaceship	85458	kanye west
701386	heard 'em say	85458	kanye west
45617	louie louie	21371	kingsmen
104096	it's alright (don't think about it)	20608	kinks
258643	look a little on the sunnyside	20608	kinks
104090	phobia	20608	kinks
104100	close to the wire	20608	kinks
104093	babies	20608	kinks
892766	get back in line	20608	kinks
258637	unreal reality	20608	kinks
897686	too much on my mind	20608	kinks
64072	never too late	31216	kyle minogue
561087	black dog	12174	led zeppelin
5491	gallows pole	12174	led zeppelin
561044	in the evening	12174	led zeppelin
5492	tangerine	12174	led zeppelin
5493	that's the way	12174	led zeppelin
5286	your time is gonna come	12174	led zeppelin
27039	when the levee breaks	12174	led zeppelin
5653	trampled underfoot	12174	led zeppelin
37100	slippin' and slidin'	34848	little richard
1021412	lucille	34848	little richard
98788	zip-a-dee-doo-dah	34848	little richard
98787	she'll be coming round the mountain	34848	little richard
98786	old macdonald	34848	little richard
98794	here we go loopty-loo	34848	little richard
98785	on top of spaghetti	34848	little richard
98792	when the saints go marching in	34848	little richard
60049	donna	31209	los lobos
48508	la bamba	31209	los lobos
60047	we belong together	31209	los lobos
60045	come on let's go	31209	los lobos
60055	good night my love (pleasant dreams)	31209	los lobos
60048	framed	31209	los lobos
60054	charlena	31209	los lobos
74329	magic and loss - the summation	20726	lou reed
74321	goodby mass - in a chapel bodily termination	20726	lou reed
359667	baton rouge	20726	lou reed
37580	turn to me	20726	lou reed
359656	mystic child	20726	lou reed
74291	dime store mistery	20726	lou reed
74288	good evening mr. waldheim	20726	lou reed
37586	high in the city	20726	lou reed
366617	if	23313	louis armstrong
79469	everlasting love	35242	love affair
73863	rainbow valley	35242	love affair
73866	everlasting love	35242	love affair
64650	do you believe in magic?	21388	lovin' spoonful
289717	full moon night	21072	lynyrd skynyrd
63621	i ain't the one	21072	lynyrd skynyrd
289719	mean streets	21072	lynyrd skynyrd
1036855	still unbroken	21072	lynyrd skynyrd
1036891	god & guns	21072	lynyrd skynyrd
289716	workin'	21072	lynyrd skynyrd
63642	that smell	21072	lynyrd skynyrd
63639	saturday night special	21072	lynyrd skynyrd
31807	pray for spanish eyes	10262	madonna
179098	something to remember	10262	madonna
982033	incredible	10262	madonna
87311	why's it so hard	10262	madonna
982085	voices	10262	madonna
245063	sky fits heaven	10262	madonna
717944	get together	10262	madonna
604404	over and over	10262	madonna
31733	california dreamin'	16101	mama's & papa's
35908	california earthquake	16101	mama's & papa's
35895	i saw her again last night	16101	mama's & papa's
31731	do you wanna dance	16101	mama's & papa's
35901	dancing in the street	16101	mama's & papa's
35907	i can't wait	16101	mama's & papa's
35909	creeque alley	16101	mama's & papa's
35905	somebody groovy	16101	mama's & papa's
654889	what's happening brother	21007	marvin gaye
755966	try it baby	21007	marvin gaye
654890	flyin' high (in the friendly sky)	21007	marvin gaye
756231	praise	21007	marvin gaye
755991	if i could build my whole world around you	21007	marvin gaye
756165	come get to this	21007	marvin gaye
755925	hitch hike	21007	marvin gaye
755993	ain't nothing like the real thing	21007	marvin gaye
470598	my world	17962	metallica
74726	through the never	17962	metallica
236397	slither	17962	metallica
705135	whiplash	17962	metallica
195724	cure	17962	metallica
195727	mama said	17962	metallica
487045	battery	17962	metallica
195725	poor twisted me	17962	metallica
636204	heal the world	20583	michael jackson
636184	beat it	20583	michael jackson
636087	the way you make me feel	20583	michael jackson
636144	man in the mirror	20583	michael jackson
386932	childhood	20583	michael jackson
386921	they don't care about us	20583	michael jackson
386924	this time around	20583	michael jackson
636104	rock with you	20583	michael jackson
802987	no one left but bobby	90227	mike nowark
803012	the mindless menace of violence/on the mindless menace of vi	90227	mike nowark
260113	the tracks of my tears	21097	miracles
445144	play that beat	53350	missy elliott
399622	old school joint	53350	missy elliott
687884	irresistible delicious	53350	missy elliott
399626	whatcha gon' do	53350	missy elliott
399624	4 my people	53350	missy elliott
687864	partytime	53350	missy elliott
399620	get ur freak on	53350	missy elliott
399618	one minute man	53350	missy elliott
1072485	afternoon	51312	modern lovers
166202	here come the martian martians	51312	modern lovers
166208	dodge veg-o-matic	51312	modern lovers
166212	abdul and cleopatra	51312	modern lovers
166211	back in your life	51312	modern lovers
166205	lonely financial zone	51312	modern lovers
166206	ice cream man	51312	modern lovers
166199	pablo picasso	51312	modern lovers
283510	crystal blue persuasion	57404	morcheeba
64707	roll away the stone	21100	mott the hoople
68657	all the young dudes	21100	mott the hoople
1024192	forty days and forty nights	47306	muddy waters
16378	tres palabras	26851	nat cole
16389	unforgettable	26851	nat cole
64614	ramblin' rose	26851	nat cole
253878	darling je vous aime beaucoup	26851	nat cole
422421	be with you	20850	neil young
42921	already one	20850	neil young
1078660	someone's going to rescue you	20850	neil young
150992	trans am	20850	neil young
150985	driveby	20850	neil young
42840	on broadway	20850	neil young
42920	human highway	20850	neil young
42838	the ways of love	20850	neil young
1071750	state of the nation	12838	new order
1071770	lonesome tonight	12838	new order
405566	rock the shack	12838	new order
1071780	1963	12838	new order
663732	krafty	12838	new order
1071763	hurt	12838	new order
177891	age of consent (howie b. remix)	12838	new order
405568	close range	12838	new order
1068466	private world	21108	new york dolls
1068460	frankenstein (original version)	21108	new york dolls
1068463	bad girl	21108	new york dolls
1068470	personality crisis	21108	new york dolls
1068465	subway train	21108	new york dolls
1068454	looking for a kiss	21108	new york dolls
1068462	trash	21108	new york dolls
1068455	vietnamese baby	21108	new york dolls
76917	stay away	35516	nirvana
76910	come as you are	35516	nirvana
194951	pennyroyal tea	35516	nirvana
95832	beeswax	35516	nirvana
194944	scentless apprentice	35516	nirvana
95837	big long now	35516	nirvana
76912	lithium	35516	nirvana
194952	radio friendly unit shifter	35516	nirvana
257740	go now	0	no artist
190731	stagger lee	0	no artist
1078407	please send me someone to love	0	no artist
68382	don't leave me this way	0	no artist
122041	hound dog	0	no artist
12821	guinnevere	0	no artist
7153	sweet love	0	no artist
12813	helplessly hoping	0	no artist
1060052	spirit in the sky	27147	norman greenbaum
1048950	maggie may	141459	nowhere boys
1048969	in spite of all the danger	141459	nowhere boys
227355	fade in-out	50258	oasis
263372	fade away	50258	oasis
390141	stay young	50258	oasis
227352	stand by me	50258	oasis
157520	up in the sky	50258	oasis
157522	supersonic	50258	oasis
157517	rock 'n' roll star	50258	oasis
175712	she's electric	50258	oasis
676252	fa fa fa fa fa (sad song)	21435	otis redding
676285	you left the water running	21435	otis redding
676491	i've got dreams to remember	21435	otis redding
176838	my girl	21435	otis redding
675778	stand by me	21435	otis redding
676284	new year's resolution	21435	otis redding
676253	i'm coming home	21435	otis redding
676529	the match game	21435	otis redding
489506	war	53893	outkast
368915	we luv deez hoez	53893	outkast
414409	movin' cool (the after party)	53893	outkast
368921	slum beautiful	53893	outkast
368911	spaghetti junction	53893	outkast
490029	love in war	53893	outkast
490030	she's alive	53893	outkast
489500	ghettomusick	53893	outkast
201258	today tomorrow and forever	21602	patsy cline
201432	honky tonk merry go round	21602	patsy cline
38909	ghost dance	30151	patti smith
81946	distant fingers	30151	patti smith
81593	wave	30151	patti smith
38907	space monkey	30151	patti smith
38914	25th floor	30151	patti smith
38906	till victory	30151	patti smith
81591	seven ways of going	30151	patti smith
81944	pissing in a river	30151	patti smith
67222	everytime you go away	20135	paul young
57736	don't dream it's over	20135	paul young
80706	porch	40741	pearl jam
361624	light years	40741	pearl jam
242999	brain of j.	40741	pearl jam
361622	gods' dice	40741	pearl jam
80703	black	40741	pearl jam
158213	nothingman	40741	pearl jam
361634	parting ways	40741	pearl jam
1033933	gonna see my friend	40741	pearl jam
188666	love me tender	15283	percy sledge
34316	empty spaces	11322	pink floyd
117507	on the run	11322	pink floyd
483936	two suns in the sunset	11322	pink floyd
187053	the dogs of war	11322	pink floyd
518570	yet another movie/round and around	11322	pink floyd
34309	in the flesh?	11322	pink floyd
539004	when the tigers broke free	11322	pink floyd
302030	not now john	11322	pink floyd
234158	here comes your man	20702	pixies
234168	velouria	20702	pixies
234171	gigantic	20702	pixies
234162	caribou	20702	pixies
234159	debaser	20702	pixies
234161	dig for fire	20702	pixies
234156	planet of sound	20702	pixies
234170	monkey gone to heaven	20702	pixies
231565	zaz turned blue	89127	pj harvey
54853	i'll be home	21721	platters
54850	i'm sorry	21721	platters
216868	enchanted	21721	platters
411306	my prayer	21721	platters
615144	the great pretender	21721	platters
216874	remember when	21721	platters
33687	pledging my love	21721	platters
615564	smoke gets in your eyes	21721	platters
33651	o my god	11275	police
6935	spirits in the material world	11275	police
33653	miss gradenko	11275	police
518630	walking on the moon	11275	police
33652	mother	11275	police
6942	one world (not three)	11275	police
518628	can't stand losing you	11275	police
33657	wrapped around your finger	11275	police
121192	la la la he he hee	10095	prince
590644	uptown	10095	prince
590654	alphabet street	10095	prince
31800	love song	10095	prince
121163	dirty mind	10095	prince
60516	cream	10095	prince
121162	controversy	10095	prince
560924	mustang instrumental	10095	prince
84902	party for your right to fight (blak wax metromixx)	16693	public enemy
249829	what you need is jesus	16693	public enemy
249828	is your god a dog	16693	public enemy
249827	unstoppable	16693	public enemy
282519	crash	16693	public enemy
744808	rebirth of a nation	16693	public enemy
744810	make it hardcore	16693	public enemy
744804	rise	16693	public enemy
179562	mother love	10882	queen
599284	i can't live with you	10882	queen
7087	the miracle	10882	queen
376948	hammer to fall	10882	queen
71368	some day one day	10882	queen
598864	good old fashioned lover boy	10882	queen
179563	my life has been saved	10882	queen
1002931	cosmos rockin	10882	queen
972028	hollow man	20727	r.e.m.
10968	country feedback	20727	r.e.m.
85811	the sidewinder sleeps tonite	20727	r.e.m.
262929	airportman	20727	r.e.m.
203173	departure	20727	r.e.m.
359071	miracle	20727	r.e.m.
203176	binky the doormat	20727	r.e.m.
496432	bad day	20727	r.e.m.
182674	augie's photos	23233	rachel portman
182675	snow story	23233	rachel portman
222602	let down	46368	radiohead
222608	the tourist	46368	radiohead
222600	subterranean homesick alien	46368	radiohead
164633	just	46368	radiohead
386624	high and dry	46368	radiohead
122018	ripcord	46368	radiohead
407316	fitter happier	46368	radiohead
222603	karma police	46368	radiohead
953152	love kills	11904	ramones
953155	apeman hop	11904	ramones
1076315	we're a happy family	11904	ramones
947329	let's go	11904	ramones
127592	journey to the center of the mind	11904	ramones
736808	zero zero ufo	11904	ramones
736816	ignorance is bliss	11904	ramones
953125	somebody put something in my drink	11904	ramones
6146	back on my feet again	20677	randy newman
488009	i think it's going to rain today	20677	randy newman
6140	guilty	20677	randy newman
6144	naked man	20677	randy newman
6141	louisiana 1927	20677	randy newman
6147	rollin'	20677	randy newman
492270	the great nations of europe	20677	randy newman
6138	marie	20677	randy newman
90423	let's go get stoned	20439	ray charles
101253	blackjack	20439	ray charles
101239	the midnight hour	20439	ray charles
101268	it's alright	20439	ray charles
101276	i want a little girl	20439	ray charles
564464	unchain my heart	20439	ray charles
2544	i'll take care of you	20439	ray charles
101259	hard times	20439	ray charles
1045445	this magic moment/dance with me	31191	rick james
23728	hung on you	21439	righteous brothers
23724	just once in my life	21439	righteous brothers
23723	unchained melody	21439	righteous brothers
23731	ebb tide	21439	righteous brothers
407407	unchained melody-timeless love extended	21439	righteous brothers
23725	rock & roll heaven	21439	righteous brothers
23727	you've lost that lovin' feelin	21439	righteous brothers
23732	my babe	21439	righteous brothers
43907	i'm the girl	29174	roberta flack
34848	oasis	29174	roberta flack
122518	if ever i see you again	29174	roberta flack
43909	conversation love	29174	roberta flack
34858	his name brazil	29174	roberta flack
43905	jesse	29174	roberta flack
34851	shock to my system	29174	roberta flack
34850	uh uh ooh ooh look out (here ii comes)	29174	roberta flack
441779	it had to be you	20780	rod stewart
441785	every time we say goodbye	20780	rod stewart
795158	love hurts	20780	rod stewart
615735	baby it's cold outside	20780	rod stewart
14920	rebel heart	20780	rod stewart
372365	charlie parker loves me	20780	rod stewart
441781	these foolish things	20780	rod stewart
795135	it's a heartache	20780	rod stewart
9615	dance little sister	12177	rolling stones
440579	undercover of the night	12177	rolling stones
438301	stealing my heart	12177	rolling stones
440555	she's a rainbow	12177	rolling stones
9618	fingerprint file	12177	rolling stones
9612	till the next goodbye	12177	rolling stones
236374	paying the cost to be the boss	12177	rolling stones
440549	19th nervous breakdown	12177	rolling stones
176818	walking in the rain	16770	ronettes
176815	do i love you?	16770	ronettes
176824	everything under the sun	16770	ronettes
176811	baby i love you	16770	ronettes
176820	is this what i get for loving you	16770	ronettes
176817	how does it feel?	16770	ronettes
176808	be my baby	16770	ronettes
176819	born to be together	16770	ronettes
815625	oh pretty woman	20690	roy orbison
15813	i can't stop loving you	20690	roy orbison
98248	you're the one	20690	roy orbison
98250	we'll take the night	20690	roy orbison
815605	in dreams	20690	roy orbison
98254	i drove all night	20690	roy orbison
15819	almost eighteen	20690	roy orbison
98256	coming home	20690	roy orbison
397257	rock show	14177	run dmc
7187	don't stop	14177	run dmc
63920	it's tricky	14177	run dmc
256023	my adidas	14177	run dmc
107890	can i get a witness	14177	run dmc
397269	simmons incorporated	14177	run dmc
7182	bob your head	14177	run dmc
107885	3 in the head	14177	run dmc
5799	sad moon	21278	sam cooke
3223	so long	21278	sam cooke
5796	chain gang	21278	sam cooke
5800	having a party	21278	sam cooke
3227	'tain't nobody's business if i do	21278	sam cooke
5791	only sixteen	21278	sam cooke
3222	let's go steady again	21278	sam cooke
3225	for sentimental reasons	21278	sam cooke
69288	black magic woman	98679	santana
40340	samba pa ti	98679	santana
195849	i love you much too much	98679	santana
40342	black magic woman	98679	santana
7935	i wanna be me	12181	sex pistols
380938	pretty vacant	12181	sex pistols
380937	holidays in the sun	12181	sex pistols
7944	silly thing	12181	sex pistols
8097	stepping stone	12181	sex pistols
375083	god save the queen	12181	sex pistols
78214	new york	12181	sex pistols
7947	great rock'n'roll swindle	12181	sex pistols
287201	you've got a way-notting hill remix	53617	shania twain
275149	anji	11989	simon & garfunkel
275146	blessed	11989	simon & garfunkel
184274	a hazy shade of winter	11989	simon & garfunkel
275152	a most peculiar man	11989	simon & garfunkel
275145	leaves that are green	11989	simon & garfunkel
184267	wednesday morning 3 am	11989	simon & garfunkel
275148	somewhere they can't find me	11989	simon & garfunkel
184282	the boxer	11989	simon & garfunkel
748668	it's only love	11942	simply red
712094	y mas gan (dub version)	20686	sinead o'connor
489184	brigidine diana	20686	sinead o'connor
381782	success has made a failure of our home	20686	sinead o'connor
6651	three babies	20686	sinead o'connor
274059	black coffee	20686	sinead o'connor
6655	jump in the river	20686	sinead o'connor
712090	jah nuh dead (dub version)	20686	sinead o'connor
712096	vampire (dub version)	20686	sinead o'connor
744747	i want to take you higher	17325	sly & the family stone
67911	time	17325	sly & the family stone
744733	family affair	17325	sly & the family stone
744724	star	17325	sly & the family stone
744746	sing a simple song	17325	sly & the family stone
67912	spaced cow boy	17325	sly & the family stone
691705	dance to the music	17325	sly & the family stone
744765	you can make it if you try	17325	sly & the family stone
18592	down in the valley	20419	solomon burke
756892	let somebody love me	20419	solomon burke
756897	i got the blues	20419	solomon burke
1069004	you needed me	20419	solomon burke
18594	won't you give him (one more chance)	20419	solomon burke
434017	soul searchin'	20419	solomon burke
756891	it makes no difference	20419	solomon burke
1069009	the error of my ways	20419	solomon burke
287202	gimme some lovin'	17174	spencer davis group
283507	wishin' and hopin'	30814	springfield dusty
68376	i'll take you there	21748	staple singers
44442	born to be wild	14248	steppenwolf
44441	the pusher	14248	steppenwolf
61489	contract on love	20843	stevie wonder
8963	do like you	20843	stevie wonder
8932	ain't that asking for trouble	20843	stevie wonder
8922	hey harmonica man	20843	stevie wonder
8936	i'd cry	20843	stevie wonder
8875	thank you love	20843	stevie wonder
61491	until you come back to me (that's what i'm gonna do)	20843	stevie wonder
711368	please don't hurt my baby	20843	stevie wonder
379925	rapper's delight	32483	sugarhill gang
65400	stoned love	21190	supremes
803145	come see about me	21190	supremes
61256	eye of the tiger	12577	survivor
683937	don't let him take your love from me	15046	temptations
67569	cloud nine	15046	temptations
683933	hey girl	15046	temptations
683935	why did she have to leave me (why did she have to go)	15046	temptations
683939	i gotta find a way (to get you back)	15046	temptations
683929	i heard it through the grapevine	15046	temptations
683936	i need your lovin'	15046	temptations
683931	love is a hurtin' thing	15046	temptations
683709	mean old world	20816	tina turner
56045	i want you near me	20816	tina turner
209383	something beautiful remains	20816	tina turner
40638	never been to spain	20816	tina turner
209376	do what you do	20816	tina turner
40624	back where you started	20816	tina turner
683689	honest i do	20816	tina turner
683719	i'm a motherless child	20816	tina turner
1066882	lover's touch	24363	tom petty
75777	too good to be true	24363	tom petty
948626	don't do me like that	24363	tom petty
1066870	i should have known it	24363	tom petty
275027	lonesome sundown	24363	tom petty
948605	listen to her heart	24363	tom petty
155668	time to move on	24363	tom petty
75770	learning to fly	24363	tom petty
366618	it's over	20832	tom waits
366612	putting on the dog	20832	tom waits
182672	innocent when you dream (barroom)	20832	tom waits
8917	downtown train	20832	tom waits
1007443	sing for you	20438	tracy chapman
440847	broken	20438	tracy chapman
73206	dreaming on a world	20438	tracy chapman
1007446	our bright future	20438	tracy chapman
1007455	spring	20438	tracy chapman
440843	in the dark	20438	tracy chapman
180878	new beginning	20438	tracy chapman
3128	subcity	20438	tracy chapman
1074329	labyrinth (opening titles including underground)	30803	trevor jones
74248	sarah	30803	trevor jones
74252	the goblin battle	30803	trevor jones
74246	into the labyrinth	30803	trevor jones
74250	hallucination	30803	trevor jones
74254	thirteen o'clock	30803	trevor jones
1053865	love is all around	21479	troggs
603004	one	27261	u2
623609	original of the species	27261	u2
442388	electrical storm (william orbit mix)	27261	u2
623596	city of blinding lights	27261	u2
623607	crumbs from your table	27261	u2
367654	stuck in a moment you can't get out of	27261	u2
62807	tryin' to throw your arms around the world	27261	u2
442395	lady with the spinning head (extended dance mix)	27261	u2
426073	the beauty of the days gone by	20667	van morrison
170139	underlying depression	20667	van morrison
63039	i need your kind of loving	20667	van morrison
426076	only a dream	20667	van morrison
63029	by his grace	20667	van morrison
63037	quality street	20667	van morrison
63019	professional jealousy	20667	van morrison
63024	i can't stop loving you	20667	van morrison
19141	love is like a heatwave	35314	vandellas
19139	dancing in the street	35314	vandellas
19148	love (makes me do foolish thin	35314	vandellas
19153	in my lonely room	35314	vandellas
19145	come and get these memories	35314	vandellas
19144	jimmy mack	35314	vandellas
19151	motoring	35314	vandellas
19147	my baby loves me	35314	vandellas
249008	the black angel's death song	21486	velvet underground
249003	run run run	21486	velvet underground
249001	femme fatale	21486	velvet underground
249004	all tomorrow's parties	21486	velvet underground
249007	i'll be your mirror	21486	velvet underground
58823	white light/white heat	21486	velvet underground
157171	ride into the sun	21486	velvet underground
248999	sunday morning	21486	velvet underground
231266	velvet morning	45193	verve
1001319	sit and wonder	45193	verve
231265	this time	45193	verve
231262	weeping willow	45193	verve
1001320	love is noise	45193	verve
1001325	rather be	45193	verve
1001321	judas	45193	verve
231256	sonnet	45193	verve
673465	perfect situation	50303	weezer
1038511	love is the answer	50303	weezer
673472	my best friend	50303	weezer
673468	peace	50303	weezer
993066	troublemaker	50303	weezer
993070	everybody get dangerous	50303	weezer
1038510	trippin' down the freeway	50303	weezer
673466	this is such a pity	50303	weezer
63571	go to the mirror	13061	who
108684	trick of the light	13061	who
108686	love is coming down	13061	who
108685	guitar and pen	13061	who
63557	overture	13061	who
615988	who are you?	13061	who
9118	anyway anyhow anywhere	13061	who
9121	i'm a boy	13061	who
154798	you can't stand alone	20701	wilson pickett
126252	come home baby	20701	wilson pickett
154799	funky broadway	20701	wilson pickett
154821	fire and water	20701	wilson pickett
680694	it ain't easy	20701	wilson pickett
953019	all about sex	20701	wilson pickett
154822	your love has brought me a mighty long way	20701	wilson pickett
952928	taxi love	20701	wilson pickett
1022969	shame and fortune	90964	yeah yeah yeahs
1022973	little shadow	90964	yeah yeah yeahs
1024200	black tongue	90964	yeah yeah yeahs
1024196	date with the night	90964	yeah yeah yeahs
1024204	y control	90964	yeah yeah yeahs
1022966	soft shock	90964	yeah yeah yeahs
1022971	dragon queen	90964	yeah yeah yeahs
577845	maps	90964	yeah yeah yeahs
164961	she's not there	21500	zombies
1004185	time of the season	21500	zombies
